dataset,task,horizon,fold,model,MAE,RMSE,R2,n,fit_seconds
ETTh2,forecast,1,fold1,Persistence,1.0412081440289815,1.636404653915713,0.966416479756168,2880,0.0
ETTh2,forecast,1,fold1,SeasonalNaive,0.8924787080950207,1.6974767580054695,0.9638629681523658,2880,0.0
ETTh2,forecast,1,fold1,Ridge,1.0629644461304428,1.8006183992218712,0.9593380527690331,2880,0.1
ETTh2,forecast,1,fold1,LightGBM,0.5062352555603689,1.1447517199331931,0.9835650868014971,2880,8.43
ETTh2,forecast,1,fold2,Persistence,0.8544497971977693,1.1767856443690805,0.9801602616452679,2928,0.0
ETTh2,forecast,1,fold2,SeasonalNaive,0.6752821500184107,1.0276283317921684,0.9848708908749986,2928,0.0
ETTh2,forecast,1,fold2,Ridge,0.5217843260859657,0.7614845006987869,0.9916926338407394,2928,0.25
ETTh2,forecast,1,fold2,LightGBM,0.40925705162756715,0.6528959783803223,0.9938929819466159,2928,22.77
ETTh2,forecast,1,fold3,Persistence,0.8311212736416639,1.2016841916028798,0.9694374067045747,2952,0.0
ETTh2,forecast,1,fold3,SeasonalNaive,0.599966995496944,0.8669213640181156,0.9840937092173185,2952,0.0
ETTh2,forecast,1,fold3,Ridge,0.456024743188894,0.6001992559775219,0.9923756923604639,2952,0.38
ETTh2,forecast,1,fold3,LightGBM,0.34374204989940293,0.5049402850183328,0.9946037812337355,2952,8.33
ETTh2,forecast,1,fold4,Persistence,0.9890895757260529,1.34739402479285,0.9777332617281708,2875,0.0
ETTh2,forecast,1,fold4,SeasonalNaive,0.7555087532375171,1.1071222670593879,0.984966554017192,2875,0.0
ETTh2,forecast,1,fold4,Ridge,0.5103133827795819,0.7187876253959729,0.9936632211081894,2875,0.4
ETTh2,forecast,1,fold4,LightGBM,0.4051954316744649,0.6175740467447648,0.9953221591341787,2875,11.23
ETTh2,forecast,24,fold1,Persistence,3.6636260479688643,5.064632091197542,0.6783453007347101,2880,0.0
ETTh2,forecast,24,fold1,SeasonalNaive,5.564769809775882,7.72465653805483,0.2517401326757537,2880,0.0
ETTh2,forecast,24,fold1,Ridge,20.154404095641258,31.51206959693722,-11.452253393123497,2880,0.18
ETTh2,forecast,24,fold1,LightGBM,3.538438499163931,4.909101304246064,0.6977974780712756,2880,7.32
ETTh2,forecast,24,fold2,Persistence,3.0893080807774447,4.328358544337911,0.7342721968517327,2928,0.0
ETTh2,forecast,24,fold2,SeasonalNaive,4.565549904531468,6.40641468582866,0.41786912568954426,2928,0.0
ETTh2,forecast,24,fold2,Ridge,3.522889182729139,4.497435452260089,0.7131066924574188,2928,0.24
ETTh2,forecast,24,fold2,LightGBM,3.06129921548402,4.282112547088627,0.7399201567101001,2928,4.73
ETTh2,forecast,24,fold3,Persistence,2.7087620260770655,3.5824438856587473,0.7236973753637794,2952,0.0
ETTh2,forecast,24,fold3,SeasonalNaive,4.207777265824004,5.549499189988125,0.33696904914831627,2952,0.0
ETTh2,forecast,24,fold3,Ridge,2.9221983256633934,3.660782508260285,0.7114812295361771,2952,0.44
ETTh2,forecast,24,fold3,LightGBM,2.7592225048004098,3.6336995564344807,0.7157344380589608,2952,5.41
ETTh2,forecast,24,fold4,Persistence,3.7078927014686616,5.007968828285397,0.6916410145083586,2852,0.0
ETTh2,forecast,24,fold4,SeasonalNaive,5.369747196307189,7.405356310619941,0.32574326486151006,2852,0.0
ETTh2,forecast,24,fold4,Ridge,3.607408657174775,4.554182651963206,0.7449917308897773,2852,0.49
ETTh2,forecast,24,fold4,LightGBM,3.774029538904811,4.827189885027793,0.7135016403091807,2852,13.65
ETTh2,forecast,168,fold1,Persistence,5.505340860949622,7.884589640140455,0.19061549013827894,2880,0.0
ETTh2,forecast,168,fold1,SeasonalNaive,9.399538486699264,13.536984917596232,-1.385836006223491,2880,0.0
ETTh2,forecast,168,fold1,Ridge,25.334350137601156,40.48576841903227,-20.34034674103053,2880,0.25
ETTh2,forecast,168,fold1,LightGBM,4.820844366830278,6.7061806980930685,0.41447262938397955,2880,11.39
ETTh2,forecast,168,fold2,Persistence,4.840302297977802,6.398762844095188,0.4855502062383886,2928,0.0
ETTh2,forecast,168,fold2,SeasonalNaive,7.892477376213491,10.494051307026407,-0.38368532590603466,2928,0.0
ETTh2,forecast,168,fold2,Ridge,4.8995496005767185,6.032719692538924,0.5427252069837853,2928,0.34
ETTh2,forecast,168,fold2,LightGBM,4.577037365136836,5.8205681269017715,0.5743214932512621,2928,6.03
ETTh2,forecast,168,fold3,Persistence,4.879985438296975,6.016327001438112,0.16548900664198063,2952,0.0
ETTh2,forecast,168,fold3,SeasonalNaive,7.86134520405651,9.878171372971426,-1.249688086848134,2952,0.0
ETTh2,forecast,168,fold3,Ridge,4.241180631702553,5.430313048507763,0.3201408777381909,2952,0.32
ETTh2,forecast,168,fold3,LightGBM,4.480505109637113,5.5324565851633345,0.29432419872893434,2952,5.53
ETTh2,forecast,168,fold4,Persistence,6.641475071406963,8.486964303158912,0.06233075924447529,2708,0.0
ETTh2,forecast,168,fold4,SeasonalNaive,11.68627898379654,14.938019839009199,-1.904898634558339,2708,0.0
ETTh2,forecast,168,fold4,Ridge,5.022797481787414,6.257011837705803,0.4903419691614669,2708,0.56
ETTh2,forecast,168,fold4,LightGBM,5.584922868032929,6.934654201600728,0.373970875567065,2708,7.51
ETTh2,nowcast,0,fold1,TrainMean,7.639336403069777,9.178105843830075,-0.05598075952431669,2880,0.0
ETTh2,nowcast,0,fold1,Ridge,32.007022919816244,49.48569878363726,-29.697944477273442,2880,0.16
ETTh2,nowcast,0,fold1,LightGBM,7.730020074092725,9.843758578815091,-0.21470771434092528,2880,13.56
ETTh2,nowcast,0,fold2,TrainMean,10.140746391710541,12.231213077070809,-1.1448816288586738,2928,0.0
ETTh2,nowcast,0,fold2,Ridge,4.247286583739894,5.363301144695042,0.5875905280573582,2928,0.25
ETTh2,nowcast,0,fold2,LightGBM,5.575570588087865,6.8130299293783105,0.3345049047120465,2928,11.76
ETTh2,nowcast,0,fold3,TrainMean,15.061168091529607,16.44959163504454,-4.723661684940978,2952,0.0
ETTh2,nowcast,0,fold3,Ridge,4.687928084872288,6.090162336411959,0.21544850944855298,2952,0.34
ETTh2,nowcast,0,fold3,LightGBM,7.924199195078359,9.260024602554871,-0.8137941409326805,2952,13.68
ETTh2,nowcast,0,fold4,TrainMean,7.860452151979978,9.49078123622161,-0.10445846277492676,2876,0.0
ETTh2,nowcast,0,fold4,Ridge,4.6483015363037685,5.889133771101417,0.5747461049908755,2876,0.49
ETTh2,nowcast,0,fold4,LightGBM,4.471466738725837,5.473055994297936,0.6327132645307321,2876,26.47
